USE collegedatabase;
INSERT INTO STUDENTS VALUES(112335,'SUSHANTH REDDY','SAISUSHANTHREDDY2004@GMAIL.COM',21,'2026-01-08',1);
INSERT INTO STUDENTS VALUES(112336,'NIPUN REDDY','SAISUSHANTHREDDY200@GMAIL.COM',19,'2026-01-08',1);
INSERT INTO STUDENTS VALUES(112337,'NIHAN REDDY','SAISUSHANTHREDDY24@GMAIL.COM',18,'2026-01-11',1);
INSERT INTO STUDENTS VALUES(112338,'KOMARA REDDY','SAISUSHANTHREDDY20@GMAIL.COM',30,'2026-01-19',1);
INSERT INTO STUDENTS VALUES(112339,'NAVANEETH REDDY','SAISUSHANTHREDDY2@GMAIL.COM',27,'2026-01-21',1);
INSERT INTO STUDENTS VALUES(112340,'NANDA REDDY','SAISUSHANTHREDDY004@GMAIL.COM',23,'2026-01-21',0);
INSERT INTO STUDENTS VALUES(112341,'USHA','SAISUSHANTHREDDY04@GMAIL.COM',32,'2026-02-17',0);
INSERT INTO STUDENTS VALUES(112342,'KOUSALYA','SAISUSHANTHREDDY4@GMAIL.COM',31,'2026-02-18',1);
INSERT INTO STUDENTS VALUES(112343,'RAJI REDDY','SAISUSHANTHREDDY@GMAIL.COM',36,'2026-02-16',1);
INSERT INTO STUDENTS VALUES(112344,'SUDEESHNA','SAISUSHANTHREDDY3@GMAIL.COM',33,'2026-02-16',1);
INSERT INTO STUDENTS VALUES(112345,'RISHANTH REDDY','SAISUSHANTHREDDY6@GMAIL.COM',21,'2026-02-07',0);
SELECT * FROM STUDENTS;



UPDATE STUDENTS SET student_name='NIHAN REDDY' ,age=18 WHERE student_id=112337;
UPDATE STUDENTS SET student_name='UMA' ,age=26,join_date='2026-01-19' WHERE student_id=112349;
UPDATE STUDENTS SET join_date='2026-02-28' WHERE student_id=112348;








INSERT INTO COURSES VALUES(101,'COMPUTER SCIENCE',5000.00);
INSERT INTO COURSES VALUES(102,'SCIENCE',1500.00);
INSERT INTO COURSES VALUES(103,'OPERATING SYSTEMS',500.00);
INSERT INTO COURSES VALUES(104,'COMPUTER NETWORKS',2500.00);
INSERT INTO COURSES VALUES(105,'MATHS',750.00);
UPDATE COURSES SET fees=750 WHERE course_id=105;






INSERT INTO ENROLLEMENTS VALUES(11101,112335,101,SYSDATETIME());
INSERT INTO ENROLLEMENTS VALUES(11102,112336,101,SYSDATETIME());
INSERT INTO ENROLLEMENTS VALUES(11103,112337,102,SYSDATETIME());
INSERT INTO ENROLLEMENTS VALUES(11104,112338,102,SYSDATETIME());
INSERT INTO ENROLLEMENTS VALUES(11105,112338,103,SYSDATETIME());
INSERT INTO ENROLLEMENTS VALUES(11106,112339,103,SYSDATETIME());
INSERT INTO ENROLLEMENTS VALUES(11107,112340,104,SYSDATETIME());
INSERT INTO ENROLLEMENTS VALUES(11108,112341,104,SYSDATETIME());
INSERT INTO ENROLLEMENTS VALUES(11109,112342,105,SYSDATETIME());
INSERT INTO ENROLLEMENTS VALUES(11110,112343,105,SYSDATETIME());
INSERT INTO ENROLLEMENTS VALUES(11111,112344,101,SYSDATETIME());
INSERT INTO ENROLLEMENTS VALUES(11112,112345,102,SYSDATETIME());
INSERT INTO ENROLLEMENTS VALUES(11113,112342,103,SYSDATETIME());
INSERT INTO ENROLLEMENTS VALUES(11114,112343,104,SYSDATETIME());
INSERT INTO ENROLLEMENTS VALUES(11115,112344,105,SYSDATETIME());


UPDATE  ENROLLEMENTS SET enroll_timestamp=SYSDATETIME();
UPDATE  ENROLLEMENTS SET enroll_timestamp='2026-01-05' WHERE enroll_id=11115;
select * from ENROLLEMENTS;


SELECT * FROM COURSES;
